{"count":1,"self":1653.2008959999998,"total":2603.5486481999997,"children":{"InitializeActuators":{"count":20,"self":0.0010003,"total":0.0010003,"children":null},"InitializeSensors":{"count":20,"self":0.0010007,"total":0.0010007,"children":null},"AgentSendState":{"count":311611,"self":72.351078399999992,"total":95.390357299999991,"children":{"CollectObservations":{"count":779040,"self":0.31803519999999996,"total":0.31803519999999996,"children":null},"WriteActionMask":{"count":779040,"self":0.4657133,"total":0.4657133,"children":null},"RequestDecision":{"count":779040,"self":3.2932919999999997,"total":22.255528299999998,"children":{"AgentInfo.ToProto":{"count":779040,"self":1.7543735999999999,"total":18.9622362,"children":{"GenerateSensorData":{"count":779040,"self":11.5317256,"total":17.2078625,"children":{"RayPerceptionSensor.Perceive":{"count":2337120,"self":5.6761368,"total":5.6761368999999995,"children":null}}}}}}}}},"DecideAction":{"count":311611,"self":763.42369279999991,"total":763.4236943,"children":null},"AgentAct":{"count":311611,"self":91.4246144,"total":91.4246165,"children":null},"AgentInfo.ToProto":{"count":2901,"self":0.022004199999999998,"total":0.1060368,"children":{"GenerateSensorData":{"count":2901,"self":0.060025199999999994,"total":0.0840326,"children":{"RayPerceptionSensor.Perceive":{"count":8703,"self":0.024007399999999998,"total":0.024007399999999998,"children":null}}}}}},"gauges":{"Agent.CumulativeReward":{"count":2901,"max":195,"min":-241.899689,"runningAverage":-66.8323059,"value":65.1,"weightedAverage":16.6221218}},"metadata":{"timer_format_version":"0.1.0","start_time_seconds":"1700126271","unity_version":"2022.3.13f1","command_line_arguments":"C:\\Program Files\\Unity\\Hub\\Editor\\2022.3.13f1\\Editor\\Unity.exe -projectpath C:\\Repos\\2023_ProjectClass\\ML-Agents -useHub -hubIPC -cloudEnvironment production","communication_protocol_version":"1.5.0","com.unity.ml-agents_version":"3.0.0-exp.1","scene_name":"Game","end_time_seconds":"1700128874"}}